{
  "project_info": {
    "project_number": "957574883221",
    "firebase_url": "https://mooney-8df56-default-rtdb.firebaseio.com",
    "project_id": "mooney-8df56",
    "storage_bucket": "mooney-8df56.appspot.com"
  },
  "client": [
    {
      "client_info": {
        "mobilesdk_app_id": "1:957574883221:android:bff0c24164405c1018b89c",
        "android_client_info": {
          "package_name": "com.example.mooney"
        }
      },
      "oauth_client": [
        {
          "client_id": "957574883221-klm29sf6r2ki9o0qc1gck6c2tcogbsml.apps.googleusercontent.com",
          "client_type": 3
        }
      ],
      "api_key": [
        {
          "current_key": "AIzaSyBk95UePLGErsTzgdBVVDHZiS44bpLZz0w"
        }
      ],
      "services": {
        "appinvite_service": {
          "other_platform_oauth_client": [
            {
              "client_id": "957574883221-klm29sf6r2ki9o0qc1gck6c2tcogbsml.apps.googleusercontent.com",
              "client_type": 3
            }
          ]
        }
      }
    },
    {
      "client_info": {
        "mobilesdk_app_id": "1:957574883221:android:6cff1d5528780e4418b89c",
        "android_client_info": {
          "package_name": "com.example.stork"
        }
      },
      "oauth_client": [
        {
          "client_id": "957574883221-klm29sf6r2ki9o0qc1gck6c2tcogbsml.apps.googleusercontent.com",
          "client_type": 3
        }
      ],
      "api_key": [
        {
          "current_key": "AIzaSyBk95UePLGErsTzgdBVVDHZiS44bpLZz0w"
        }
      ],
      "services": {
        "appinvite_service": {
          "other_platform_oauth_client": [
            {
              "client_id": "957574883221-klm29sf6r2ki9o0qc1gck6c2tcogbsml.apps.googleusercontent.com",
              "client_type": 3
            }
          ]
        }
      }
    }
  ],
  "configuration_version": "1"
}